absence_id,employee_id,full_name,department,absence_type,start_date,end_date,duration_days,approved
ABS0001,EMP145,Simon Meier,Sales,Vacation,2023-12-17,2023-12-22,5,Yes
ABS0002,EMP068,Emma Weber,Finance,Vacation,2023-12-29,2024-01-07,9,Yes
ABS0003,EMP098,Emma Schneider,Operations,Sick Leave,2024-11-30,2024-12-04,4,Yes
ABS0004,EMP076,Laura Weber,Sales,Sick Leave,2023-09-05,2023-09-10,5,Yes
ABS0005,EMP076,Laura Weber,Sales,Training,2024-09-25,2024-09-28,3,Yes
ABS0006,EMP040,Philipp Schneider,Operations,Sick Leave,2023-03-22,2023-03-30,8,Yes
ABS0007,EMP188,Monika Zimmermann,Sales,Training,2024-05-08,2024-05-11,3,Yes
ABS0008,EMP175,Vanessa Schröder,Engineering,Training,2024-08-11,2024-08-14,3,Yes
ABS0009,EMP179,Jan Richter,HR,Sick Leave,2023-08-16,2023-08-26,10,Yes
ABS0010,EMP183,Fabian Koch,HR,Parental Leave,2024-05-04,2024-10-19,168,Yes
ABS0011,EMP121,Marco Schneider,HR,Vacation,2023-06-28,2023-07-15,17,No
ABS0012,EMP181,Florian Krause,Sales,Vacation,2023-01-09,2023-01-12,3,Yes
ABS0013,EMP137,Anna Hartmann,Operations,Vacation,2023-11-30,2023-12-14,14,Yes
ABS0014,EMP096,Christian Müller,Sales,Sick Leave,2023-09-27,2023-10-01,4,Yes
ABS0015,EMP120,David Wolf,Operations,Sick Leave,2024-05-25,2024-06-01,7,Yes
ABS0016,EMP134,Emma Hofmann,Finance,Vacation,2024-02-15,2024-02-26,11,Yes
ABS0017,EMP198,Oliver Schneider,Engineering,Sick Leave,2024-08-12,2024-08-16,4,Yes
ABS0018,EMP099,Elena Braun,Finance,Training,2024-07-22,2024-07-26,4,Yes
ABS0019,EMP075,Petra Schneider,Finance,Sick Leave,2023-06-03,2023-06-11,8,Yes
ABS0020,EMP068,Emma Weber,Finance,Vacation,2023-05-18,2023-06-06,19,Yes
ABS0021,EMP110,Petra Lehmann,Marketing,Unpaid Leave,2023-11-04,2023-11-09,5,Yes
ABS0022,EMP197,Philipp Klein,Sales,Sick Leave,2023-04-12,2023-04-15,3,Yes
ABS0023,EMP095,Jan Schulz,Sales,Vacation,2024-10-06,2024-10-12,6,Yes
ABS0024,EMP118,Florian Hartmann,Marketing,Sick Leave,2024-01-04,2024-01-13,9,Yes
ABS0025,EMP095,Jan Schulz,Sales,Vacation,2024-02-26,2024-03-03,6,Yes
ABS0026,EMP075,Petra Schneider,Finance,Vacation,2024-10-27,2024-11-16,20,Yes
ABS0027,EMP102,Emma Schäfer,HR,Vacation,2024-11-20,2024-12-09,19,Yes
ABS0028,EMP159,Simon Lehmann,Sales,Training,2024-01-26,2024-01-31,5,Yes
ABS0029,EMP058,Jessica Schäfer,Sales,Training,2024-10-17,2024-10-20,3,Yes
ABS0030,EMP198,Oliver Schneider,Engineering,Vacation,2023-03-15,2023-03-20,5,Yes
ABS0031,EMP086,Emma Werner,HR,Sick Leave,2024-10-30,2024-11-04,5,Yes
ABS0032,EMP144,Tim Weber,Engineering,Sick Leave,2024-03-31,2024-04-06,6,Yes
ABS0033,EMP182,Sabine Wagner,Operations,Training,2024-02-28,2024-03-01,2,Yes
ABS0034,EMP007,Philipp Meier,Operations,Sick Leave,2023-08-29,2023-09-03,5,No
ABS0035,EMP029,Monika Schwarz,Sales,Sick Leave,2024-02-11,2024-02-13,2,Yes
ABS0036,EMP170,Katharina Schmidt,Finance,Vacation,2023-01-27,2023-02-11,15,Yes
ABS0037,EMP032,Petra Weber,Finance,Sick Leave,2024-09-24,2024-09-27,3,Yes
ABS0038,EMP142,Lena Koch,Operations,Sick Leave,2023-09-11,2023-09-16,5,Yes
ABS0039,EMP050,Felix Neumann,Marketing,Sick Leave,2023-06-24,2023-06-25,1,Yes
ABS0040,EMP124,Daniel Krause,Engineering,Training,2023-11-30,2023-12-04,4,Yes
ABS0041,EMP188,Monika Zimmermann,Sales,Training,2024-07-15,2024-07-19,4,Yes
ABS0042,EMP188,Monika Zimmermann,Sales,Sick Leave,2024-09-03,2024-09-11,8,Yes
ABS0043,EMP195,Maria Richter,Operations,Vacation,2024-10-17,2024-11-06,20,Yes
ABS0044,EMP121,Marco Schneider,HR,Vacation,2023-08-21,2023-08-26,5,Yes
ABS0045,EMP128,Jan Becker,Finance,Vacation,2023-06-09,2023-06-21,12,Yes
ABS0046,EMP182,Sabine Wagner,Operations,Unpaid Leave,2023-05-20,2023-05-26,6,Yes
ABS0047,EMP185,Michael Müller,Marketing,Sick Leave,2024-05-18,2024-05-26,8,Yes
ABS0048,EMP154,Elena Schmitt,Operations,Unpaid Leave,2024-09-03,2024-09-07,4,Yes
ABS0049,EMP190,Tobias Lange,HR,Vacation,2024-02-26,2024-03-17,20,Yes
ABS0050,EMP092,Anna Krause,Sales,Sick Leave,2024-10-23,2024-10-30,7,Yes
ABS0051,EMP084,Claudia Schulz,Sales,Vacation,2024-03-08,2024-03-18,10,Yes
ABS0052,EMP099,Elena Braun,Finance,Sick Leave,2024-06-28,2024-07-03,5,Yes
ABS0053,EMP026,Markus Becker,Sales,Sick Leave,2023-10-24,2023-10-26,2,Yes
ABS0054,EMP160,Andreas Wolf,HR,Sick Leave,2024-09-29,2024-10-07,8,Yes
ABS0055,EMP006,Simon Neumann,Engineering,Sick Leave,2024-07-01,2024-07-02,1,Yes
ABS0056,EMP038,Oliver Meyer,Engineering,Sick Leave,2023-05-09,2023-05-17,8,Yes
ABS0057,EMP087,Monika Wagner,HR,Sick Leave,2023-01-16,2023-01-24,8,Yes
ABS0058,EMP151,Maria Hoffmann,HR,Sick Leave,2024-05-25,2024-05-31,6,Yes
ABS0059,EMP011,Fabian Becker,Engineering,Sick Leave,2023-05-30,2023-05-31,1,Yes
ABS0060,EMP143,David Meyer,Engineering,Sick Leave,2024-04-26,2024-04-29,3,Yes
ABS0061,EMP093,Simon Hofmann,Finance,Training,2023-01-13,2023-01-14,1,No
ABS0062,EMP092,Anna Krause,Sales,Vacation,2024-03-29,2024-04-08,10,Yes
ABS0063,EMP011,Fabian Becker,Engineering,Sick Leave,2023-04-07,2023-04-16,9,Yes
ABS0064,EMP080,Vanessa Meier,Operations,Vacation,2024-11-28,2024-12-10,12,No
ABS0065,EMP061,Florian Müller,Sales,Vacation,2023-02-13,2023-03-05,20,Yes
ABS0066,EMP093,Simon Hofmann,Finance,Vacation,2023-11-02,2023-11-11,9,Yes
ABS0067,EMP019,Katharina Schröder,Sales,Training,2023-08-12,2023-08-13,1,Yes
ABS0068,EMP155,Sophie Weber,Finance,Vacation,2023-06-21,2023-07-02,11,Yes
ABS0069,EMP144,Tim Weber,Engineering,Parental Leave,2023-01-10,2023-02-19,40,Yes
ABS0070,EMP170,Katharina Schmidt,Finance,Parental Leave,2023-06-08,2023-10-11,125,Yes
ABS0071,EMP092,Anna Krause,Sales,Sick Leave,2023-04-04,2023-04-14,10,Yes
ABS0072,EMP022,Andreas Becker,Marketing,Sick Leave,2024-10-22,2024-10-25,3,Yes
ABS0073,EMP040,Philipp Schneider,Operations,Sick Leave,2023-08-27,2023-09-02,6,No
ABS0074,EMP121,Marco Schneider,HR,Unpaid Leave,2024-03-25,2024-04-06,12,Yes
ABS0075,EMP136,Sabine Schwarz,Sales,Vacation,2023-05-18,2023-05-29,11,Yes
ABS0076,EMP173,Daniel Richter,Sales,Parental Leave,2024-07-26,2024-11-08,105,Yes
ABS0077,EMP174,Vanessa Weber,Marketing,Sick Leave,2023-07-11,2023-07-20,9,Yes
ABS0078,EMP168,Felix Weber,Finance,Sick Leave,2024-09-05,2024-09-14,9,Yes
ABS0079,EMP184,Fabian Lange,Finance,Sick Leave,2023-10-30,2023-11-04,5,Yes
ABS0080,EMP161,Jessica Richter,Engineering,Sick Leave,2024-10-15,2024-10-24,9,Yes
ABS0081,EMP070,Anna Meier,Engineering,Training,2024-09-26,2024-09-29,3,Yes
ABS0082,EMP089,Monika Krüger,Operations,Sick Leave,2023-03-06,2023-03-15,9,Yes
ABS0083,EMP071,Oliver Klein,Finance,Vacation,2024-05-24,2024-06-13,20,Yes
ABS0084,EMP102,Emma Schäfer,HR,Sick Leave,2024-10-18,2024-10-24,6,Yes
ABS0085,EMP182,Sabine Wagner,Operations,Vacation,2023-02-14,2023-02-21,7,Yes
ABS0086,EMP011,Fabian Becker,Engineering,Sick Leave,2024-05-12,2024-05-16,4,Yes
ABS0087,EMP198,Oliver Schneider,Engineering,Vacation,2024-02-02,2024-02-20,18,Yes
ABS0088,EMP095,Jan Schulz,Sales,Sick Leave,2023-08-15,2023-08-25,10,Yes
ABS0089,EMP005,Julia Schneider,Sales,Training,2023-08-02,2023-08-06,4,No
ABS0090,EMP029,Monika Schwarz,Sales,Vacation,2024-10-16,2024-10-20,4,Yes
ABS0091,EMP150,Emma Zimmermann,Finance,Training,2023-03-01,2023-03-06,5,Yes
ABS0092,EMP014,Katharina Hartmann,Engineering,Parental Leave,2023-11-08,2023-12-27,49,No
ABS0093,EMP181,Florian Krause,Sales,Sick Leave,2023-08-25,2023-09-03,9,Yes
ABS0094,EMP072,Oliver Neumann,Marketing,Vacation,2023-09-12,2023-10-03,21,Yes
ABS0095,EMP068,Emma Weber,Finance,Vacation,2024-07-25,2024-08-10,16,Yes
ABS0096,EMP199,Sophie Schröder,Operations,Sick Leave,2024-04-14,2024-04-21,7,Yes
ABS0097,EMP064,Claudia Krüger,Sales,Unpaid Leave,2024-07-17,2024-07-24,7,Yes
ABS0098,EMP061,Florian Müller,Sales,Vacation,2024-09-06,2024-09-23,17,No
ABS0099,EMP110,Petra Lehmann,Marketing,Vacation,2023-11-29,2023-12-13,14,Yes
ABS0100,EMP154,Elena Schmitt,Operations,Unpaid Leave,2023-11-28,2023-12-08,10,Yes
ABS0101,EMP189,Jan Schulz,Operations,Sick Leave,2024-07-17,2024-07-22,5,Yes
ABS0102,EMP160,Andreas Wolf,HR,Vacation,2024-02-11,2024-02-14,3,Yes
ABS0103,EMP102,Emma Schäfer,HR,Vacation,2024-06-14,2024-06-21,7,No
ABS0104,EMP107,Thomas Schulz,Marketing,Sick Leave,2023-08-16,2023-08-20,4,Yes
ABS0105,EMP007,Philipp Meier,Operations,Parental Leave,2023-10-10,2024-03-29,171,Yes
ABS0106,EMP198,Oliver Schneider,Engineering,Training,2023-06-08,2023-06-09,1,Yes
ABS0107,EMP124,Daniel Krause,Engineering,Sick Leave,2023-09-29,2023-10-05,6,Yes
ABS0108,EMP092,Anna Krause,Sales,Sick Leave,2023-11-04,2023-11-06,2,Yes
ABS0109,EMP197,Philipp Klein,Sales,Training,2023-03-21,2023-03-24,3,Yes
ABS0110,EMP067,Philipp Schäfer,Marketing,Vacation,2024-08-13,2024-08-19,6,Yes
ABS0111,EMP106,Julia Krause,Marketing,Sick Leave,2024-08-13,2024-08-20,7,Yes
ABS0112,EMP021,Oliver Lehmann,Engineering,Training,2023-12-09,2023-12-12,3,Yes
ABS0113,EMP155,Sophie Weber,Finance,Vacation,2023-05-04,2023-05-14,10,Yes
ABS0114,EMP003,Jessica Richter,Sales,Vacation,2024-10-09,2024-10-24,15,Yes
ABS0115,EMP183,Fabian Koch,HR,Sick Leave,2024-07-06,2024-07-16,10,Yes
ABS0116,EMP177,Sandra Schäfer,Finance,Parental Leave,2023-06-06,2023-07-18,42,Yes
ABS0117,EMP143,David Meyer,Engineering,Training,2024-09-01,2024-09-06,5,Yes
ABS0118,EMP084,Claudia Schulz,Sales,Vacation,2024-02-08,2024-02-15,7,Yes
ABS0119,EMP032,Petra Weber,Finance,Vacation,2023-02-20,2023-03-12,20,Yes
ABS0120,EMP032,Petra Weber,Finance,Vacation,2024-03-20,2024-03-27,7,Yes
ABS0121,EMP172,Philipp Schmidt,Marketing,Vacation,2024-05-14,2024-05-29,15,Yes
ABS0122,EMP075,Petra Schneider,Finance,Vacation,2024-06-20,2024-06-30,10,Yes
ABS0123,EMP098,Emma Schneider,Operations,Parental Leave,2023-11-28,2024-05-23,177,Yes
ABS0124,EMP148,Hannah Müller,Engineering,Vacation,2023-12-23,2024-01-01,9,Yes
ABS0125,EMP008,Hannah Schneider,Marketing,Unpaid Leave,2023-06-23,2023-06-29,6,Yes
ABS0126,EMP158,Lukas Zimmermann,Finance,Vacation,2024-03-27,2024-03-31,4,No
ABS0127,EMP087,Monika Wagner,HR,Sick Leave,2024-01-18,2024-01-21,3,Yes
ABS0128,EMP032,Petra Weber,Finance,Sick Leave,2023-02-25,2023-03-01,4,No
ABS0129,EMP058,Jessica Schäfer,Sales,Training,2023-10-22,2023-10-23,1,Yes
ABS0130,EMP041,Tobias Krüger,HR,Sick Leave,2024-04-27,2024-04-28,1,Yes
ABS0131,EMP187,Claudia Richter,Engineering,Sick Leave,2024-07-13,2024-07-22,9,Yes
ABS0132,EMP190,Tobias Lange,HR,Vacation,2023-05-25,2023-05-28,3,Yes
ABS0133,EMP183,Fabian Koch,HR,Sick Leave,2023-06-24,2023-06-25,1,Yes
ABS0134,EMP099,Elena Braun,Finance,Sick Leave,2024-11-01,2024-11-02,1,Yes
ABS0135,EMP099,Elena Braun,Finance,Parental Leave,2024-11-06,2025-03-08,122,Yes
ABS0136,EMP006,Simon Neumann,Engineering,Sick Leave,2024-10-26,2024-11-02,7,Yes
ABS0137,EMP137,Anna Hartmann,Operations,Vacation,2023-04-12,2023-04-25,13,Yes
ABS0138,EMP185,Michael Müller,Marketing,Sick Leave,2023-07-23,2023-08-01,9,No
ABS0139,EMP194,Lisa Schröder,Finance,Training,2023-01-23,2023-01-24,1,Yes
ABS0140,EMP184,Fabian Lange,Finance,Vacation,2024-05-16,2024-05-31,15,Yes
ABS0141,EMP006,Simon Neumann,Engineering,Sick Leave,2023-12-27,2024-01-02,6,Yes
ABS0142,EMP088,Markus Lange,HR,Training,2024-05-28,2024-05-31,3,Yes
ABS0143,EMP095,Jan Schulz,Sales,Training,2023-01-31,2023-02-05,5,No
ABS0144,EMP085,Thomas Koch,Sales,Sick Leave,2024-02-07,2024-02-10,3,Yes
ABS0145,EMP137,Anna Hartmann,Operations,Vacation,2024-11-25,2024-12-05,10,Yes
ABS0146,EMP198,Oliver Schneider,Engineering,Sick Leave,2023-11-16,2023-11-26,10,Yes
ABS0147,EMP188,Monika Zimmermann,Sales,Sick Leave,2024-10-30,2024-11-02,3,Yes
ABS0148,EMP076,Laura Weber,Sales,Training,2023-11-13,2023-11-18,5,Yes
ABS0149,EMP154,Elena Schmitt,Operations,Training,2023-05-29,2023-06-03,5,Yes
ABS0150,EMP113,Vanessa Wolf,Marketing,Sick Leave,2024-06-29,2024-07-01,2,Yes
ABS0151,EMP058,Jessica Schäfer,Sales,Parental Leave,2023-11-23,2024-04-06,135,No
ABS0152,EMP107,Thomas Schulz,Marketing,Vacation,2024-10-14,2024-10-25,11,Yes
ABS0153,EMP071,Oliver Klein,Finance,Sick Leave,2023-07-09,2023-07-10,1,Yes
ABS0154,EMP098,Emma Schneider,Operations,Vacation,2024-09-19,2024-09-29,10,Yes
ABS0155,EMP087,Monika Wagner,HR,Parental Leave,2024-01-03,2024-02-22,50,Yes
ABS0156,EMP171,Petra Lange,Finance,Sick Leave,2024-09-11,2024-09-19,8,Yes
ABS0157,EMP134,Emma Hofmann,Finance,Sick Leave,2024-02-01,2024-02-09,8,Yes
ABS0158,EMP063,Andreas Krüger,HR,Sick Leave,2023-02-03,2023-02-10,7,Yes
ABS0159,EMP005,Julia Schneider,Sales,Training,2024-02-27,2024-02-29,2,Yes
ABS0160,EMP076,Laura Weber,Sales,Parental Leave,2023-03-09,2023-05-23,75,No
ABS0161,EMP157,Katharina Schwarz,Engineering,Training,2024-05-16,2024-05-19,3,Yes
ABS0162,EMP092,Anna Krause,Sales,Vacation,2023-02-12,2023-02-27,15,Yes
ABS0163,EMP143,David Meyer,Engineering,Vacation,2024-08-08,2024-08-28,20,Yes
ABS0164,EMP012,Nina Bauer,Operations,Vacation,2024-04-07,2024-04-24,17,Yes
ABS0165,EMP014,Katharina Hartmann,Engineering,Training,2023-09-09,2023-09-14,5,Yes
ABS0166,EMP014,Katharina Hartmann,Engineering,Vacation,2024-06-12,2024-06-16,4,Yes
ABS0167,EMP157,Katharina Schwarz,Engineering,Sick Leave,2023-11-08,2023-11-13,5,Yes
ABS0168,EMP152,Hannah Schäfer,Engineering,Sick Leave,2023-02-25,2023-03-06,9,Yes
ABS0169,EMP167,Lisa Schäfer,Operations,Unpaid Leave,2024-04-07,2024-04-09,2,Yes
ABS0170,EMP041,Tobias Krüger,HR,Sick Leave,2024-08-22,2024-08-31,9,Yes
ABS0171,EMP148,Hannah Müller,Engineering,Sick Leave,2023-01-26,2023-01-29,3,Yes
ABS0172,EMP076,Laura Weber,Sales,Training,2023-04-03,2023-04-06,3,Yes
ABS0173,EMP063,Andreas Krüger,HR,Parental Leave,2023-05-07,2023-06-29,53,Yes
ABS0174,EMP160,Andreas Wolf,HR,Vacation,2023-03-29,2023-04-17,19,Yes
ABS0175,EMP179,Jan Richter,HR,Vacation,2023-06-13,2023-06-28,15,Yes
ABS0176,EMP015,Laura Schröder,Sales,Parental Leave,2023-12-10,2024-06-01,174,Yes
ABS0177,EMP059,Katharina Schmidt,Engineering,Sick Leave,2023-05-29,2023-06-01,3,Yes
ABS0178,EMP019,Katharina Schröder,Sales,Vacation,2023-11-13,2023-11-30,17,Yes
ABS0179,EMP069,Simon Richter,Engineering,Sick Leave,2023-05-15,2023-05-19,4,Yes
ABS0180,EMP093,Simon Hofmann,Finance,Sick Leave,2024-05-24,2024-06-01,8,Yes
ABS0181,EMP002,Lukas Schneider,HR,Vacation,2024-05-20,2024-05-30,10,Yes
ABS0182,EMP170,Katharina Schmidt,Finance,Vacation,2024-03-28,2024-04-02,5,Yes
ABS0183,EMP002,Lukas Schneider,HR,Sick Leave,2024-07-14,2024-07-19,5,Yes
ABS0184,EMP192,Thomas Müller,HR,Unpaid Leave,2023-08-01,2023-08-02,1,Yes
ABS0185,EMP021,Oliver Lehmann,Engineering,Vacation,2023-02-07,2023-02-14,7,Yes
ABS0186,EMP199,Sophie Schröder,Operations,Unpaid Leave,2023-11-02,2023-11-08,6,No
ABS0187,EMP018,Christian Fischer,HR,Sick Leave,2023-07-02,2023-07-05,3,Yes
ABS0188,EMP198,Oliver Schneider,Engineering,Parental Leave,2023-07-01,2023-11-24,146,Yes
ABS0189,EMP127,Vanessa Schmitt,Sales,Training,2023-04-06,2023-04-09,3,Yes
ABS0190,EMP137,Anna Hartmann,Operations,Unpaid Leave,2024-03-13,2024-03-27,14,Yes
ABS0191,EMP104,Emma Hoffmann,Operations,Vacation,2023-05-05,2023-05-16,11,Yes
ABS0192,EMP148,Hannah Müller,Engineering,Vacation,2023-08-03,2023-08-07,4,Yes
ABS0193,EMP184,Fabian Lange,Finance,Training,2024-05-10,2024-05-15,5,No
ABS0194,EMP103,Michael Hartmann,Finance,Vacation,2023-11-21,2023-12-02,11,Yes
ABS0195,EMP123,Fabian Schmidt,HR,Training,2024-09-21,2024-09-26,5,Yes
ABS0196,EMP176,Markus Krause,Sales,Vacation,2023-07-04,2023-07-14,10,Yes
ABS0197,EMP072,Oliver Neumann,Marketing,Sick Leave,2023-01-25,2023-02-02,8,Yes
ABS0198,EMP046,Fabian Weber,Operations,Parental Leave,2023-08-01,2023-12-15,136,Yes
ABS0199,EMP118,Florian Hartmann,Marketing,Vacation,2024-10-14,2024-10-23,9,Yes
ABS0200,EMP076,Laura Weber,Sales,Vacation,2023-09-18,2023-09-23,5,Yes
ABS0201,EMP178,Katharina Koch,Sales,Vacation,2023-01-07,2023-01-13,6,Yes
ABS0202,EMP120,David Wolf,Operations,Vacation,2024-08-05,2024-08-08,3,Yes
ABS0203,EMP072,Oliver Neumann,Marketing,Vacation,2023-12-13,2023-12-31,18,Yes
ABS0204,EMP012,Nina Bauer,Operations,Vacation,2024-05-08,2024-05-15,7,Yes
ABS0205,EMP187,Claudia Richter,Engineering,Training,2024-04-18,2024-04-22,4,No
ABS0206,EMP021,Oliver Lehmann,Engineering,Unpaid Leave,2023-11-03,2023-11-13,10,Yes
ABS0207,EMP110,Petra Lehmann,Marketing,Vacation,2023-01-20,2023-01-29,9,Yes
ABS0208,EMP117,Daniel Schulz,Operations,Unpaid Leave,2023-12-29,2023-12-31,2,No
ABS0209,EMP101,Fabian Schäfer,Sales,Training,2023-12-14,2023-12-18,4,Yes
ABS0210,EMP064,Claudia Krüger,Sales,Vacation,2024-02-03,2024-02-11,8,Yes
ABS0211,EMP108,Thomas Weber,Engineering,Parental Leave,2023-11-19,2023-12-27,38,Yes
ABS0212,EMP033,Petra Schmitt,Engineering,Vacation,2023-09-01,2023-09-15,14,Yes
ABS0213,EMP107,Thomas Schulz,Marketing,Sick Leave,2023-11-06,2023-11-09,3,Yes
ABS0214,EMP012,Nina Bauer,Operations,Parental Leave,2023-04-05,2023-08-26,143,Yes
ABS0215,EMP172,Philipp Schmidt,Marketing,Training,2023-06-07,2023-06-09,2,Yes
ABS0216,EMP172,Philipp Schmidt,Marketing,Parental Leave,2024-06-20,2024-10-07,109,Yes
ABS0217,EMP057,Sophie Lange,Sales,Parental Leave,2023-04-11,2023-09-20,162,Yes
ABS0218,EMP051,Maria Hoffmann,Operations,Sick Leave,2023-02-07,2023-02-15,8,Yes
ABS0219,EMP182,Sabine Wagner,Operations,Sick Leave,2023-11-15,2023-11-16,1,Yes
ABS0220,EMP033,Petra Schmitt,Engineering,Sick Leave,2023-02-17,2023-02-19,2,Yes
ABS0221,EMP109,Fabian Lange,Finance,Sick Leave,2023-11-16,2023-11-20,4,Yes
ABS0222,EMP072,Oliver Neumann,Marketing,Vacation,2024-06-29,2024-07-12,13,Yes
ABS0223,EMP046,Fabian Weber,Operations,Sick Leave,2023-06-11,2023-06-16,5,Yes
ABS0224,EMP194,Lisa Schröder,Finance,Vacation,2023-07-31,2023-08-20,20,Yes
ABS0225,EMP113,Vanessa Wolf,Marketing,Sick Leave,2023-10-18,2023-10-28,10,Yes
ABS0226,EMP027,Lisa Müller,Engineering,Sick Leave,2023-12-13,2023-12-22,9,Yes
ABS0227,EMP051,Maria Hoffmann,Operations,Sick Leave,2024-11-22,2024-11-23,1,Yes
ABS0228,EMP019,Katharina Schröder,Sales,Sick Leave,2024-02-06,2024-02-09,3,Yes
ABS0229,EMP159,Simon Lehmann,Sales,Vacation,2023-11-16,2023-11-29,13,Yes
ABS0230,EMP185,Michael Müller,Marketing,Sick Leave,2024-04-21,2024-05-01,10,Yes
ABS0231,EMP168,Felix Weber,Finance,Sick Leave,2023-11-14,2023-11-22,8,Yes
ABS0232,EMP085,Thomas Koch,Sales,Sick Leave,2024-09-23,2024-09-28,5,Yes
ABS0233,EMP143,David Meyer,Engineering,Sick Leave,2024-11-12,2024-11-18,6,Yes
ABS0234,EMP116,Andreas Zimmermann,Operations,Vacation,2023-01-31,2023-02-05,5,Yes
ABS0235,EMP122,Sarah Schäfer,Sales,Vacation,2023-06-24,2023-07-06,12,Yes
ABS0236,EMP199,Sophie Schröder,Operations,Sick Leave,2023-04-16,2023-04-23,7,Yes
ABS0237,EMP040,Philipp Schneider,Operations,Sick Leave,2024-10-27,2024-10-29,2,Yes
ABS0238,EMP185,Michael Müller,Marketing,Vacation,2024-08-27,2024-09-12,16,Yes
ABS0239,EMP090,Stefan Fischer,Sales,Vacation,2024-05-08,2024-05-23,15,Yes
ABS0240,EMP080,Vanessa Meier,Operations,Unpaid Leave,2024-08-28,2024-09-04,7,Yes
ABS0241,EMP155,Sophie Weber,Finance,Vacation,2023-12-17,2024-01-06,20,Yes
ABS0242,EMP067,Philipp Schäfer,Marketing,Parental Leave,2023-03-21,2023-09-13,176,Yes
ABS0243,EMP042,Simon Schäfer,Sales,Vacation,2024-04-19,2024-05-02,13,Yes
ABS0244,EMP158,Lukas Zimmermann,Finance,Sick Leave,2024-02-20,2024-02-22,2,Yes
ABS0245,EMP137,Anna Hartmann,Operations,Sick Leave,2024-10-22,2024-10-23,1,Yes
ABS0246,EMP056,Lena Hoffmann,Operations,Training,2024-10-13,2024-10-14,1,Yes
ABS0247,EMP059,Katharina Schmidt,Engineering,Vacation,2023-10-26,2023-11-10,15,Yes
ABS0248,EMP159,Simon Lehmann,Sales,Sick Leave,2024-11-28,2024-12-04,6,Yes
ABS0249,EMP107,Thomas Schulz,Marketing,Training,2024-03-21,2024-03-24,3,No
ABS0250,EMP003,Jessica Richter,Sales,Vacation,2024-06-06,2024-06-21,15,Yes
ABS0251,EMP105,Michael Schmidt,Sales,Sick Leave,2024-07-16,2024-07-17,1,Yes
ABS0252,EMP194,Lisa Schröder,Finance,Training,2024-01-03,2024-01-04,1,Yes
ABS0253,EMP009,Patrick Meyer,Operations,Sick Leave,2024-08-27,2024-09-03,7,Yes
ABS0254,EMP137,Anna Hartmann,Operations,Vacation,2024-03-21,2024-04-10,20,Yes
ABS0255,EMP067,Philipp Schäfer,Marketing,Vacation,2023-07-12,2023-08-01,20,Yes
ABS0256,EMP127,Vanessa Schmitt,Sales,Training,2023-06-07,2023-06-10,3,No
ABS0257,EMP050,Felix Neumann,Marketing,Sick Leave,2023-03-15,2023-03-16,1,Yes
ABS0258,EMP173,Daniel Richter,Sales,Vacation,2023-05-20,2023-05-25,5,Yes
ABS0259,EMP150,Emma Zimmermann,Finance,Training,2024-09-10,2024-09-14,4,Yes
ABS0260,EMP161,Jessica Richter,Engineering,Vacation,2024-07-19,2024-08-05,17,Yes
ABS0261,EMP085,Thomas Koch,Sales,Sick Leave,2024-09-11,2024-09-12,1,Yes
ABS0262,EMP088,Markus Lange,HR,Parental Leave,2023-10-03,2024-02-15,135,No
ABS0263,EMP199,Sophie Schröder,Operations,Sick Leave,2023-02-08,2023-02-18,10,Yes
ABS0264,EMP132,Andreas Werner,Sales,Sick Leave,2024-05-08,2024-05-10,2,Yes
ABS0265,EMP183,Fabian Koch,HR,Training,2023-10-14,2023-10-18,4,Yes
ABS0266,EMP182,Sabine Wagner,Operations,Training,2023-04-01,2023-04-03,2,Yes
ABS0267,EMP028,Christian Schneider,Finance,Parental Leave,2024-07-06,2024-12-31,178,Yes
ABS0268,EMP019,Katharina Schröder,Sales,Training,2024-07-01,2024-07-02,1,Yes
ABS0269,EMP180,Tim Neumann,Finance,Training,2024-08-10,2024-08-13,3,Yes
ABS0270,EMP105,Michael Schmidt,Sales,Vacation,2023-02-06,2023-02-18,12,Yes
ABS0271,EMP195,Maria Richter,Operations,Sick Leave,2024-10-06,2024-10-14,8,Yes
ABS0272,EMP198,Oliver Schneider,Engineering,Sick Leave,2023-10-26,2023-11-05,10,Yes
ABS0273,EMP173,Daniel Richter,Sales,Sick Leave,2024-06-01,2024-06-03,2,Yes
ABS0274,EMP101,Fabian Schäfer,Sales,Vacation,2024-09-22,2024-10-03,11,Yes
ABS0275,EMP095,Jan Schulz,Sales,Sick Leave,2023-04-25,2023-05-05,10,Yes
ABS0276,EMP059,Katharina Schmidt,Engineering,Vacation,2024-01-14,2024-01-22,8,Yes
ABS0277,EMP088,Markus Lange,HR,Vacation,2024-06-24,2024-06-28,4,Yes
ABS0278,EMP032,Petra Weber,Finance,Training,2024-09-01,2024-09-03,2,Yes
ABS0279,EMP148,Hannah Müller,Engineering,Parental Leave,2023-09-01,2024-01-21,142,Yes
ABS0280,EMP064,Claudia Krüger,Sales,Sick Leave,2023-12-20,2023-12-21,1,Yes
ABS0281,EMP042,Simon Schäfer,Sales,Sick Leave,2024-04-20,2024-04-27,7,Yes
ABS0282,EMP170,Katharina Schmidt,Finance,Parental Leave,2024-06-29,2024-09-26,89,Yes
ABS0283,EMP142,Lena Koch,Operations,Vacation,2023-05-29,2023-06-17,19,Yes
ABS0284,EMP005,Julia Schneider,Sales,Vacation,2024-04-04,2024-04-19,15,Yes
ABS0285,EMP184,Fabian Lange,Finance,Parental Leave,2023-02-12,2023-04-07,54,Yes
ABS0286,EMP123,Fabian Schmidt,HR,Training,2024-03-18,2024-03-23,5,Yes
ABS0287,EMP099,Elena Braun,Finance,Vacation,2023-10-01,2023-10-07,6,Yes
ABS0288,EMP143,David Meyer,Engineering,Vacation,2024-11-22,2024-12-02,10,Yes
ABS0289,EMP072,Oliver Neumann,Marketing,Vacation,2024-11-24,2024-12-02,8,Yes
ABS0290,EMP003,Jessica Richter,Sales,Vacation,2023-03-11,2023-03-14,3,Yes
ABS0291,EMP183,Fabian Koch,HR,Sick Leave,2024-04-01,2024-04-07,6,Yes
ABS0292,EMP102,Emma Schäfer,HR,Sick Leave,2023-02-04,2023-02-05,1,Yes
ABS0293,EMP021,Oliver Lehmann,Engineering,Training,2024-11-03,2024-11-05,2,No
ABS0294,EMP048,Michael Schmidt,Sales,Parental Leave,2023-05-03,2023-06-24,52,Yes
ABS0295,EMP051,Maria Hoffmann,Operations,Sick Leave,2024-10-25,2024-11-04,10,Yes
ABS0296,EMP070,Anna Meier,Engineering,Training,2023-07-08,2023-07-11,3,Yes
ABS0297,EMP028,Christian Schneider,Finance,Vacation,2023-10-11,2023-10-27,16,Yes
ABS0298,EMP114,Simon Schneider,Engineering,Sick Leave,2023-03-17,2023-03-22,5,Yes
ABS0299,EMP137,Anna Hartmann,Operations,Vacation,2023-03-03,2023-03-14,11,No
ABS0300,EMP097,Katharina Schäfer,Operations,Sick Leave,2023-03-13,2023-03-21,8,No
ABS0301,EMP076,Laura Weber,Sales,Vacation,2023-07-02,2023-07-20,18,Yes
ABS0302,EMP188,Monika Zimmermann,Sales,Parental Leave,2023-08-12,2023-10-08,57,Yes
ABS0303,EMP096,Christian Müller,Sales,Sick Leave,2023-03-16,2023-03-18,2,Yes
ABS0304,EMP093,Simon Hofmann,Finance,Unpaid Leave,2023-01-20,2023-02-04,15,Yes
ABS0305,EMP001,Laura Hartmann,HR,Training,2024-11-11,2024-11-15,4,Yes
ABS0306,EMP117,Daniel Schulz,Operations,Training,2024-08-11,2024-08-12,1,Yes
ABS0307,EMP174,Vanessa Weber,Marketing,Vacation,2024-02-18,2024-02-23,5,Yes
ABS0308,EMP001,Laura Hartmann,HR,Vacation,2024-05-08,2024-05-14,6,Yes
ABS0309,EMP124,Daniel Krause,Engineering,Sick Leave,2023-11-07,2023-11-14,7,Yes
ABS0310,EMP034,Stefan Meyer,Engineering,Sick Leave,2023-12-15,2023-12-17,2,Yes
ABS0311,EMP104,Emma Hoffmann,Operations,Vacation,2023-06-30,2023-07-20,20,Yes
ABS0312,EMP138,Katharina Schäfer,Sales,Vacation,2023-11-03,2023-11-18,15,Yes
ABS0313,EMP124,Daniel Krause,Engineering,Vacation,2024-10-09,2024-10-26,17,Yes
ABS0314,EMP056,Lena Hoffmann,Operations,Sick Leave,2023-01-26,2023-02-05,10,Yes
ABS0315,EMP142,Lena Koch,Operations,Sick Leave,2024-07-07,2024-07-12,5,Yes
ABS0316,EMP160,Andreas Wolf,HR,Training,2023-01-17,2023-01-18,1,Yes
ABS0317,EMP119,Monika Schwarz,Marketing,Unpaid Leave,2023-02-13,2023-02-20,7,Yes
ABS0318,EMP182,Sabine Wagner,Operations,Vacation,2024-11-25,2024-12-15,20,Yes
ABS0319,EMP087,Monika Wagner,HR,Training,2023-02-07,2023-02-09,2,Yes
ABS0320,EMP006,Simon Neumann,Engineering,Vacation,2024-09-25,2024-09-29,4,Yes
ABS0321,EMP051,Maria Hoffmann,Operations,Sick Leave,2024-10-09,2024-10-10,1,Yes
ABS0322,EMP036,Fabian Krüger,Operations,Vacation,2023-06-24,2023-07-15,21,Yes
ABS0323,EMP040,Philipp Schneider,Operations,Sick Leave,2024-09-01,2024-09-11,10,Yes
ABS0324,EMP076,Laura Weber,Sales,Vacation,2024-11-25,2024-12-10,15,Yes
ABS0325,EMP199,Sophie Schröder,Operations,Vacation,2023-11-26,2023-12-05,9,Yes
ABS0326,EMP067,Philipp Schäfer,Marketing,Vacation,2023-05-04,2023-05-15,11,Yes
ABS0327,EMP150,Emma Zimmermann,Finance,Sick Leave,2024-01-14,2024-01-23,9,Yes
ABS0328,EMP090,Stefan Fischer,Sales,Training,2023-02-11,2023-02-13,2,Yes
ABS0329,EMP136,Sabine Schwarz,Sales,Parental Leave,2023-01-17,2023-06-20,154,Yes
ABS0330,EMP002,Lukas Schneider,HR,Sick Leave,2023-04-02,2023-04-12,10,Yes
ABS0331,EMP150,Emma Zimmermann,Finance,Parental Leave,2024-05-02,2024-07-03,62,Yes
ABS0332,EMP099,Elena Braun,Finance,Vacation,2024-02-26,2024-03-07,10,No
ABS0333,EMP012,Nina Bauer,Operations,Vacation,2024-05-26,2024-05-31,5,Yes
ABS0334,EMP107,Thomas Schulz,Marketing,Vacation,2023-01-05,2023-01-25,20,Yes
ABS0335,EMP046,Fabian Weber,Operations,Training,2023-04-08,2023-04-13,5,Yes
ABS0336,EMP188,Monika Zimmermann,Sales,Vacation,2024-04-20,2024-04-29,9,Yes
ABS0337,EMP072,Oliver Neumann,Marketing,Sick Leave,2023-06-02,2023-06-10,8,Yes
ABS0338,EMP061,Florian Müller,Sales,Vacation,2023-02-14,2023-02-18,4,Yes
ABS0339,EMP102,Emma Schäfer,HR,Sick Leave,2023-09-15,2023-09-21,6,Yes
ABS0340,EMP161,Jessica Richter,Engineering,Sick Leave,2023-02-23,2023-03-04,9,Yes
ABS0341,EMP009,Patrick Meyer,Operations,Vacation,2023-04-29,2023-05-04,5,Yes
ABS0342,EMP158,Lukas Zimmermann,Finance,Vacation,2023-11-30,2023-12-16,16,Yes
ABS0343,EMP116,Andreas Zimmermann,Operations,Sick Leave,2023-04-23,2023-04-29,6,Yes
ABS0344,EMP088,Markus Lange,HR,Parental Leave,2023-07-24,2023-11-27,126,Yes
ABS0345,EMP027,Lisa Müller,Engineering,Vacation,2024-05-11,2024-05-15,4,Yes
ABS0346,EMP058,Jessica Schäfer,Sales,Sick Leave,2024-09-16,2024-09-24,8,Yes
ABS0347,EMP134,Emma Hofmann,Finance,Sick Leave,2023-07-18,2023-07-24,6,No
ABS0348,EMP076,Laura Weber,Sales,Vacation,2023-02-02,2023-02-23,21,Yes
ABS0349,EMP055,Julia Bauer,Finance,Sick Leave,2024-04-21,2024-04-29,8,Yes
ABS0350,EMP120,David Wolf,Operations,Sick Leave,2023-10-30,2023-11-09,10,Yes
ABS0351,EMP065,Andreas Hoffmann,Marketing,Vacation,2024-07-20,2024-07-30,10,Yes
ABS0352,EMP182,Sabine Wagner,Operations,Vacation,2023-08-10,2023-08-31,21,Yes
ABS0353,EMP167,Lisa Schäfer,Operations,Sick Leave,2024-03-14,2024-03-18,4,Yes
ABS0354,EMP155,Sophie Weber,Finance,Vacation,2024-08-28,2024-09-04,7,Yes
ABS0355,EMP002,Lukas Schneider,HR,Vacation,2023-02-15,2023-02-19,4,No
ABS0356,EMP178,Katharina Koch,Sales,Sick Leave,2024-06-27,2024-07-04,7,Yes
ABS0357,EMP037,Jessica Schmidt,Engineering,Vacation,2023-09-04,2023-09-09,5,Yes
ABS0358,EMP005,Julia Schneider,Sales,Vacation,2024-02-21,2024-03-01,9,Yes
ABS0359,EMP105,Michael Schmidt,Sales,Sick Leave,2023-04-03,2023-04-04,1,Yes
ABS0360,EMP108,Thomas Weber,Engineering,Sick Leave,2024-04-15,2024-04-25,10,Yes
ABS0361,EMP008,Hannah Schneider,Marketing,Training,2024-04-19,2024-04-21,2,Yes
ABS0362,EMP146,Tim Hoffmann,HR,Sick Leave,2024-01-15,2024-01-23,8,Yes
ABS0363,EMP001,Laura Hartmann,HR,Training,2023-03-14,2023-03-18,4,Yes
ABS0364,EMP118,Florian Hartmann,Marketing,Vacation,2023-10-31,2023-11-16,16,Yes
ABS0365,EMP188,Monika Zimmermann,Sales,Vacation,2023-08-01,2023-08-06,5,Yes
ABS0366,EMP118,Florian Hartmann,Marketing,Parental Leave,2023-02-26,2023-08-06,161,No
ABS0367,EMP128,Jan Becker,Finance,Training,2023-04-24,2023-04-28,4,Yes
ABS0368,EMP014,Katharina Hartmann,Engineering,Sick Leave,2023-06-29,2023-07-08,9,Yes
ABS0369,EMP194,Lisa Schröder,Finance,Parental Leave,2023-07-29,2023-10-02,65,No
ABS0370,EMP089,Monika Krüger,Operations,Vacation,2024-10-26,2024-11-13,18,Yes
ABS0371,EMP080,Vanessa Meier,Operations,Parental Leave,2023-08-19,2023-12-09,112,Yes
ABS0372,EMP098,Emma Schneider,Operations,Vacation,2024-03-09,2024-03-20,11,Yes
ABS0373,EMP134,Emma Hofmann,Finance,Vacation,2024-05-12,2024-05-31,19,Yes
ABS0374,EMP048,Michael Schmidt,Sales,Vacation,2024-06-28,2024-07-18,20,Yes
ABS0375,EMP160,Andreas Wolf,HR,Vacation,2024-11-20,2024-11-25,5,Yes
ABS0376,EMP163,Petra Klein,Operations,Sick Leave,2024-02-05,2024-02-08,3,Yes
ABS0377,EMP028,Christian Schneider,Finance,Sick Leave,2023-10-10,2023-10-12,2,Yes
ABS0378,EMP176,Markus Krause,Sales,Sick Leave,2023-07-29,2023-08-07,9,No
ABS0379,EMP007,Philipp Meier,Operations,Sick Leave,2024-11-29,2024-12-08,9,No
ABS0380,EMP170,Katharina Schmidt,Finance,Vacation,2024-03-30,2024-04-02,3,Yes
ABS0381,EMP024,Sarah Schulz,Finance,Sick Leave,2023-08-26,2023-09-04,9,Yes
ABS0382,EMP148,Hannah Müller,Engineering,Vacation,2024-11-02,2024-11-15,13,Yes
ABS0383,EMP184,Fabian Lange,Finance,Training,2024-03-31,2024-04-04,4,Yes
ABS0384,EMP051,Maria Hoffmann,Operations,Training,2023-11-10,2023-11-12,2,Yes
ABS0385,EMP086,Emma Werner,HR,Vacation,2023-10-23,2023-10-27,4,Yes
ABS0386,EMP102,Emma Schäfer,HR,Vacation,2023-06-20,2023-06-28,8,Yes
ABS0387,EMP103,Michael Hartmann,Finance,Sick Leave,2023-06-29,2023-07-02,3,Yes
ABS0388,EMP042,Simon Schäfer,Sales,Sick Leave,2023-11-21,2023-12-01,10,Yes
ABS0389,EMP096,Christian Müller,Sales,Vacation,2023-07-30,2023-08-19,20,Yes
ABS0390,EMP113,Vanessa Wolf,Marketing,Training,2023-06-01,2023-06-04,3,Yes
ABS0391,EMP063,Andreas Krüger,HR,Vacation,2023-05-05,2023-05-08,3,Yes
ABS0392,EMP176,Markus Krause,Sales,Parental Leave,2024-04-14,2024-08-03,111,Yes
ABS0393,EMP189,Jan Schulz,Operations,Training,2023-12-06,2023-12-09,3,Yes
ABS0394,EMP104,Emma Hoffmann,Operations,Training,2024-08-10,2024-08-12,2,Yes
ABS0395,EMP158,Lukas Zimmermann,Finance,Vacation,2023-04-26,2023-05-14,18,Yes
ABS0396,EMP056,Lena Hoffmann,Operations,Vacation,2023-04-30,2023-05-12,12,Yes
ABS0397,EMP084,Claudia Schulz,Sales,Vacation,2023-04-05,2023-04-18,13,Yes
ABS0398,EMP072,Oliver Neumann,Marketing,Vacation,2023-08-16,2023-08-27,11,Yes
ABS0399,EMP032,Petra Weber,Finance,Vacation,2024-04-01,2024-04-06,5,No
ABS0400,EMP143,David Meyer,Engineering,Sick Leave,2023-11-22,2023-12-02,10,Yes
ABS0401,EMP021,Oliver Lehmann,Engineering,Training,2024-01-05,2024-01-09,4,Yes
ABS0402,EMP153,Patrick Schröder,Engineering,Sick Leave,2024-01-17,2024-01-18,1,Yes
ABS0403,EMP122,Sarah Schäfer,Sales,Vacation,2024-04-01,2024-04-21,20,Yes
ABS0404,EMP158,Lukas Zimmermann,Finance,Parental Leave,2024-03-01,2024-07-22,143,Yes
ABS0405,EMP152,Hannah Schäfer,Engineering,Parental Leave,2024-02-29,2024-05-04,65,Yes
ABS0406,EMP033,Petra Schmitt,Engineering,Sick Leave,2023-11-07,2023-11-15,8,No
ABS0407,EMP183,Fabian Koch,HR,Training,2023-03-09,2023-03-14,5,Yes
ABS0408,EMP033,Petra Schmitt,Engineering,Sick Leave,2024-10-16,2024-10-21,5,Yes
ABS0409,EMP192,Thomas Müller,HR,Vacation,2024-08-04,2024-08-11,7,Yes
ABS0410,EMP137,Anna Hartmann,Operations,Sick Leave,2024-05-17,2024-05-18,1,Yes
ABS0411,EMP107,Thomas Schulz,Marketing,Training,2023-11-08,2023-11-12,4,Yes
ABS0412,EMP167,Lisa Schäfer,Operations,Sick Leave,2023-01-03,2023-01-06,3,Yes
ABS0413,EMP169,Laura Müller,Sales,Sick Leave,2024-11-12,2024-11-17,5,Yes
ABS0414,EMP174,Vanessa Weber,Marketing,Training,2024-10-22,2024-10-24,2,Yes
ABS0415,EMP100,Stefan Hoffmann,Sales,Vacation,2023-03-10,2023-03-24,14,Yes
ABS0416,EMP195,Maria Richter,Operations,Vacation,2023-09-22,2023-10-10,18,No
ABS0417,EMP046,Fabian Weber,Operations,Sick Leave,2024-08-12,2024-08-13,1,Yes
ABS0418,EMP063,Andreas Krüger,HR,Vacation,2023-05-30,2023-06-12,13,Yes
ABS0419,EMP055,Julia Bauer,Finance,Vacation,2023-02-24,2023-03-07,11,Yes
ABS0420,EMP124,Daniel Krause,Engineering,Sick Leave,2023-10-26,2023-11-04,9,Yes
ABS0421,EMP028,Christian Schneider,Finance,Vacation,2024-10-05,2024-10-13,8,Yes
ABS0422,EMP064,Claudia Krüger,Sales,Vacation,2023-11-20,2023-12-02,12,Yes
ABS0423,EMP127,Vanessa Schmitt,Sales,Sick Leave,2024-08-16,2024-08-22,6,Yes
ABS0424,EMP005,Julia Schneider,Sales,Sick Leave,2023-10-16,2023-10-22,6,Yes
ABS0425,EMP148,Hannah Müller,Engineering,Sick Leave,2023-06-16,2023-06-18,2,Yes
ABS0426,EMP177,Sandra Schäfer,Finance,Sick Leave,2023-07-12,2023-07-21,9,Yes
ABS0427,EMP183,Fabian Koch,HR,Unpaid Leave,2024-07-18,2024-07-30,12,Yes
ABS0428,EMP042,Simon Schäfer,Sales,Vacation,2023-03-20,2023-03-26,6,Yes
ABS0429,EMP006,Simon Neumann,Engineering,Vacation,2023-11-16,2023-11-30,14,Yes
ABS0430,EMP158,Lukas Zimmermann,Finance,Training,2024-09-03,2024-09-08,5,Yes
ABS0431,EMP120,David Wolf,Operations,Sick Leave,2023-11-08,2023-11-09,1,Yes
ABS0432,EMP046,Fabian Weber,Operations,Sick Leave,2023-05-26,2023-05-30,4,Yes
ABS0433,EMP080,Vanessa Meier,Operations,Sick Leave,2023-03-22,2023-03-29,7,Yes
ABS0434,EMP041,Tobias Krüger,HR,Sick Leave,2024-05-10,2024-05-17,7,Yes
ABS0435,EMP040,Philipp Schneider,Operations,Sick Leave,2024-11-06,2024-11-15,9,Yes
ABS0436,EMP169,Laura Müller,Sales,Sick Leave,2023-09-17,2023-09-18,1,Yes
ABS0437,EMP003,Jessica Richter,Sales,Parental Leave,2023-05-07,2023-07-28,82,Yes
ABS0438,EMP076,Laura Weber,Sales,Sick Leave,2023-12-26,2023-12-27,1,Yes
ABS0439,EMP101,Fabian Schäfer,Sales,Training,2023-12-23,2023-12-26,3,Yes
ABS0440,EMP177,Sandra Schäfer,Finance,Unpaid Leave,2024-09-19,2024-09-23,4,Yes
ABS0441,EMP026,Markus Becker,Sales,Sick Leave,2024-08-15,2024-08-16,1,Yes
ABS0442,EMP072,Oliver Neumann,Marketing,Training,2023-06-25,2023-06-30,5,Yes
ABS0443,EMP037,Jessica Schmidt,Engineering,Training,2024-05-31,2024-06-04,4,Yes
ABS0444,EMP070,Anna Meier,Engineering,Vacation,2023-04-20,2023-04-28,8,Yes
ABS0445,EMP137,Anna Hartmann,Operations,Vacation,2024-06-10,2024-06-20,10,Yes
ABS0446,EMP110,Petra Lehmann,Marketing,Sick Leave,2023-04-23,2023-05-02,9,Yes
ABS0447,EMP127,Vanessa Schmitt,Sales,Parental Leave,2024-07-24,2024-09-02,40,Yes
ABS0448,EMP175,Vanessa Schröder,Engineering,Sick Leave,2023-10-18,2023-10-26,8,Yes
ABS0449,EMP109,Fabian Lange,Finance,Parental Leave,2024-03-30,2024-06-25,87,Yes
ABS0450,EMP104,Emma Hoffmann,Operations,Training,2024-03-14,2024-03-16,2,Yes
ABS0451,EMP170,Katharina Schmidt,Finance,Training,2024-01-12,2024-01-14,2,Yes
ABS0452,EMP174,Vanessa Weber,Marketing,Parental Leave,2024-02-10,2024-07-01,142,Yes
ABS0453,EMP032,Petra Weber,Finance,Sick Leave,2024-02-09,2024-02-16,7,Yes
ABS0454,EMP038,Oliver Meyer,Engineering,Parental Leave,2023-06-22,2023-08-07,46,Yes
ABS0455,EMP075,Petra Schneider,Finance,Vacation,2024-09-01,2024-09-16,15,Yes
ABS0456,EMP152,Hannah Schäfer,Engineering,Parental Leave,2023-10-13,2024-04-08,178,Yes
ABS0457,EMP145,Simon Meier,Sales,Vacation,2024-11-13,2024-11-28,15,No
ABS0458,EMP179,Jan Richter,HR,Sick Leave,2024-04-10,2024-04-12,2,Yes
ABS0459,EMP174,Vanessa Weber,Marketing,Vacation,2024-10-05,2024-10-12,7,Yes
ABS0460,EMP019,Katharina Schröder,Sales,Training,2024-05-25,2024-05-26,1,No
ABS0461,EMP137,Anna Hartmann,Operations,Vacation,2023-12-01,2023-12-08,7,Yes
ABS0462,EMP036,Fabian Krüger,Operations,Parental Leave,2024-11-07,2025-04-19,163,Yes
ABS0463,EMP168,Felix Weber,Finance,Sick Leave,2024-11-08,2024-11-16,8,Yes
ABS0464,EMP096,Christian Müller,Sales,Vacation,2024-07-07,2024-07-27,20,Yes
ABS0465,EMP011,Fabian Becker,Engineering,Training,2023-05-02,2023-05-06,4,Yes
ABS0466,EMP136,Sabine Schwarz,Sales,Vacation,2023-02-06,2023-02-10,4,Yes
ABS0467,EMP107,Thomas Schulz,Marketing,Training,2023-06-18,2023-06-22,4,Yes
ABS0468,EMP109,Fabian Lange,Finance,Parental Leave,2024-05-14,2024-07-11,58,Yes
ABS0469,EMP174,Vanessa Weber,Marketing,Parental Leave,2024-07-06,2024-12-29,176,Yes
ABS0470,EMP194,Lisa Schröder,Finance,Training,2024-06-02,2024-06-03,1,Yes
ABS0471,EMP175,Vanessa Schröder,Engineering,Vacation,2024-01-22,2024-02-05,14,Yes
ABS0472,EMP102,Emma Schäfer,HR,Sick Leave,2023-01-29,2023-02-08,10,Yes
ABS0473,EMP128,Jan Becker,Finance,Vacation,2024-08-20,2024-08-23,3,Yes
ABS0474,EMP120,David Wolf,Operations,Vacation,2024-03-14,2024-03-28,14,No
ABS0475,EMP148,Hannah Müller,Engineering,Sick Leave,2024-11-08,2024-11-12,4,Yes
ABS0476,EMP109,Fabian Lange,Finance,Vacation,2023-03-09,2023-03-21,12,Yes
ABS0477,EMP065,Andreas Hoffmann,Marketing,Sick Leave,2023-11-30,2023-12-01,1,Yes
ABS0478,EMP152,Hannah Schäfer,Engineering,Vacation,2024-03-07,2024-03-18,11,Yes
ABS0479,EMP169,Laura Müller,Sales,Vacation,2023-11-21,2023-12-06,15,Yes
ABS0480,EMP114,Simon Schneider,Engineering,Vacation,2024-05-15,2024-05-21,6,Yes
ABS0481,EMP079,Lena Hoffmann,Operations,Sick Leave,2024-05-29,2024-06-04,6,Yes
ABS0482,EMP106,Julia Krause,Marketing,Vacation,2024-03-22,2024-03-31,9,Yes
ABS0483,EMP028,Christian Schneider,Finance,Training,2024-07-02,2024-07-04,2,Yes
ABS0484,EMP018,Christian Fischer,HR,Sick Leave,2024-08-10,2024-08-17,7,Yes
ABS0485,EMP034,Stefan Meyer,Engineering,Parental Leave,2024-08-15,2024-10-08,54,Yes
ABS0486,EMP099,Elena Braun,Finance,Sick Leave,2024-06-27,2024-07-05,8,Yes
ABS0487,EMP121,Marco Schneider,HR,Parental Leave,2024-10-29,2025-02-13,107,Yes
ABS0488,EMP106,Julia Krause,Marketing,Vacation,2024-07-06,2024-07-19,13,Yes
ABS0489,EMP145,Simon Meier,Sales,Vacation,2024-06-11,2024-06-28,17,Yes
ABS0490,EMP190,Tobias Lange,HR,Sick Leave,2023-01-20,2023-01-29,9,Yes
ABS0491,EMP199,Sophie Schröder,Operations,Vacation,2024-11-07,2024-11-24,17,Yes
ABS0492,EMP185,Michael Müller,Marketing,Training,2024-03-20,2024-03-25,5,Yes
ABS0493,EMP022,Andreas Becker,Marketing,Vacation,2024-01-09,2024-01-26,17,Yes
ABS0494,EMP059,Katharina Schmidt,Engineering,Parental Leave,2023-11-04,2024-03-24,141,Yes
ABS0495,EMP024,Sarah Schulz,Finance,Vacation,2024-02-27,2024-03-09,11,Yes
ABS0496,EMP063,Andreas Krüger,HR,Sick Leave,2024-09-07,2024-09-11,4,Yes
ABS0497,EMP042,Simon Schäfer,Sales,Sick Leave,2023-01-29,2023-02-02,4,Yes
ABS0498,EMP109,Fabian Lange,Finance,Vacation,2024-07-27,2024-08-12,16,Yes
ABS0499,EMP012,Nina Bauer,Operations,Sick Leave,2023-10-07,2023-10-10,3,Yes
ABS0500,EMP101,Fabian Schäfer,Sales,Vacation,2023-06-30,2023-07-04,4,No
ABS0501,EMP173,Daniel Richter,Sales,Unpaid Leave,2023-02-26,2023-03-12,14,Yes
ABS0502,EMP110,Petra Lehmann,Marketing,Vacation,2023-03-07,2023-03-23,16,Yes
ABS0503,EMP034,Stefan Meyer,Engineering,Sick Leave,2023-05-24,2023-05-28,4,Yes
ABS0504,EMP177,Sandra Schäfer,Finance,Training,2024-06-18,2024-06-23,5,No
ABS0505,EMP183,Fabian Koch,HR,Sick Leave,2023-04-03,2023-04-07,4,Yes
ABS0506,EMP110,Petra Lehmann,Marketing,Vacation,2024-08-21,2024-09-05,15,Yes
ABS0507,EMP088,Markus Lange,HR,Training,2023-08-12,2023-08-14,2,Yes
ABS0508,EMP081,Christian Krüger,Marketing,Training,2024-03-26,2024-03-30,4,Yes
ABS0509,EMP021,Oliver Lehmann,Engineering,Vacation,2024-01-19,2024-01-25,6,Yes
ABS0510,EMP152,Hannah Schäfer,Engineering,Vacation,2023-09-10,2023-09-21,11,Yes
ABS0511,EMP058,Jessica Schäfer,Sales,Vacation,2024-01-12,2024-01-24,12,Yes
ABS0512,EMP011,Fabian Becker,Engineering,Unpaid Leave,2024-11-09,2024-11-22,13,No
ABS0513,EMP089,Monika Krüger,Operations,Sick Leave,2024-01-29,2024-02-03,5,Yes
ABS0514,EMP127,Vanessa Schmitt,Sales,Training,2023-05-05,2023-05-10,5,Yes
ABS0515,EMP158,Lukas Zimmermann,Finance,Vacation,2024-02-07,2024-02-18,11,Yes
ABS0516,EMP088,Markus Lange,HR,Sick Leave,2023-06-14,2023-06-22,8,Yes
ABS0517,EMP147,Claudia Krause,HR,Parental Leave,2023-10-08,2023-11-27,50,Yes
ABS0518,EMP174,Vanessa Weber,Marketing,Vacation,2024-02-27,2024-03-11,13,Yes
ABS0519,EMP037,Jessica Schmidt,Engineering,Unpaid Leave,2023-09-25,2023-10-04,9,Yes
ABS0520,EMP151,Maria Hoffmann,HR,Vacation,2024-07-14,2024-07-27,13,Yes
ABS0521,EMP009,Patrick Meyer,Operations,Parental Leave,2024-10-18,2025-01-03,77,Yes
ABS0522,EMP055,Julia Bauer,Finance,Sick Leave,2023-07-24,2023-07-29,5,Yes
ABS0523,EMP032,Petra Weber,Finance,Sick Leave,2023-09-13,2023-09-22,9,Yes
ABS0524,EMP051,Maria Hoffmann,Operations,Unpaid Leave,2024-02-25,2024-03-09,13,No
ABS0525,EMP160,Andreas Wolf,HR,Vacation,2023-05-17,2023-05-28,11,Yes
ABS0526,EMP116,Andreas Zimmermann,Operations,Unpaid Leave,2023-07-23,2023-07-25,2,Yes
ABS0527,EMP069,Simon Richter,Engineering,Sick Leave,2024-01-22,2024-02-01,10,Yes
ABS0528,EMP007,Philipp Meier,Operations,Training,2024-10-24,2024-10-29,5,Yes
ABS0529,EMP033,Petra Schmitt,Engineering,Training,2023-07-23,2023-07-26,3,Yes
ABS0530,EMP065,Andreas Hoffmann,Marketing,Sick Leave,2024-09-24,2024-10-01,7,Yes
ABS0531,EMP059,Katharina Schmidt,Engineering,Sick Leave,2024-01-12,2024-01-15,3,No
ABS0532,EMP046,Fabian Weber,Operations,Sick Leave,2024-06-22,2024-06-29,7,Yes
ABS0533,EMP161,Jessica Richter,Engineering,Unpaid Leave,2024-05-21,2024-05-23,2,Yes
ABS0534,EMP079,Lena Hoffmann,Operations,Sick Leave,2023-09-30,2023-10-05,5,Yes
ABS0535,EMP137,Anna Hartmann,Operations,Sick Leave,2023-07-31,2023-08-10,10,Yes
ABS0536,EMP102,Emma Schäfer,HR,Parental Leave,2023-07-13,2023-11-27,137,Yes
ABS0537,EMP058,Jessica Schäfer,Sales,Sick Leave,2023-09-26,2023-09-30,4,Yes
ABS0538,EMP092,Anna Krause,Sales,Vacation,2024-10-24,2024-11-10,17,Yes
ABS0539,EMP169,Laura Müller,Sales,Sick Leave,2023-11-28,2023-12-05,7,Yes
ABS0540,EMP138,Katharina Schäfer,Sales,Parental Leave,2024-09-03,2024-12-07,95,Yes
ABS0541,EMP192,Thomas Müller,HR,Sick Leave,2023-12-07,2023-12-11,4,Yes
ABS0542,EMP123,Fabian Schmidt,HR,Training,2024-11-17,2024-11-22,5,Yes
ABS0543,EMP015,Laura Schröder,Sales,Sick Leave,2024-05-31,2024-06-10,10,Yes
ABS0544,EMP144,Tim Weber,Engineering,Vacation,2023-05-16,2023-06-05,20,Yes
ABS0545,EMP068,Emma Weber,Finance,Sick Leave,2024-05-30,2024-06-07,8,No
ABS0546,EMP168,Felix Weber,Finance,Sick Leave,2023-11-21,2023-11-30,9,Yes
ABS0547,EMP096,Christian Müller,Sales,Sick Leave,2023-02-15,2023-02-18,3,Yes
ABS0548,EMP101,Fabian Schäfer,Sales,Parental Leave,2024-03-16,2024-06-26,102,Yes
ABS0549,EMP097,Katharina Schäfer,Operations,Vacation,2023-09-28,2023-10-17,19,Yes
ABS0550,EMP064,Claudia Krüger,Sales,Vacation,2024-05-18,2024-05-25,7,Yes
ABS0551,EMP157,Katharina Schwarz,Engineering,Sick Leave,2023-06-02,2023-06-03,1,Yes
ABS0552,EMP012,Nina Bauer,Operations,Vacation,2023-06-17,2023-07-04,17,Yes
ABS0553,EMP175,Vanessa Schröder,Engineering,Sick Leave,2024-01-01,2024-01-10,9,Yes
ABS0554,EMP175,Vanessa Schröder,Engineering,Sick Leave,2023-06-01,2023-06-03,2,Yes
ABS0555,EMP079,Lena Hoffmann,Operations,Training,2023-07-04,2023-07-06,2,Yes
ABS0556,EMP099,Elena Braun,Finance,Vacation,2024-11-10,2024-12-01,21,Yes
ABS0557,EMP002,Lukas Schneider,HR,Vacation,2024-08-07,2024-08-15,8,Yes
ABS0558,EMP028,Christian Schneider,Finance,Sick Leave,2024-05-25,2024-05-27,2,Yes
ABS0559,EMP008,Hannah Schneider,Marketing,Vacation,2024-11-27,2024-12-03,6,Yes
ABS0560,EMP040,Philipp Schneider,Operations,Unpaid Leave,2023-06-07,2023-06-08,1,Yes
ABS0561,EMP171,Petra Lange,Finance,Vacation,2023-10-03,2023-10-06,3,Yes
ABS0562,EMP015,Laura Schröder,Sales,Vacation,2024-04-08,2024-04-21,13,No
ABS0563,EMP197,Philipp Klein,Sales,Sick Leave,2023-02-19,2023-02-24,5,Yes
ABS0564,EMP021,Oliver Lehmann,Engineering,Parental Leave,2024-07-14,2024-11-18,127,Yes
ABS0565,EMP095,Jan Schulz,Sales,Sick Leave,2024-02-13,2024-02-15,2,Yes
ABS0566,EMP080,Vanessa Meier,Operations,Sick Leave,2024-02-17,2024-02-22,5,Yes
ABS0567,EMP060,Vanessa Schröder,Marketing,Sick Leave,2024-05-17,2024-05-24,7,Yes
ABS0568,EMP109,Fabian Lange,Finance,Training,2024-09-09,2024-09-11,2,Yes
ABS0569,EMP036,Fabian Krüger,Operations,Unpaid Leave,2024-06-08,2024-06-12,4,Yes
ABS0570,EMP142,Lena Koch,Operations,Vacation,2024-07-30,2024-08-15,16,Yes
ABS0571,EMP152,Hannah Schäfer,Engineering,Unpaid Leave,2024-09-20,2024-09-23,3,Yes
ABS0572,EMP153,Patrick Schröder,Engineering,Sick Leave,2024-06-09,2024-06-15,6,No
ABS0573,EMP085,Thomas Koch,Sales,Vacation,2023-06-08,2023-06-26,18,Yes
ABS0574,EMP183,Fabian Koch,HR,Sick Leave,2024-04-24,2024-05-01,7,Yes
ABS0575,EMP171,Petra Lange,Finance,Vacation,2023-05-11,2023-05-23,12,Yes
ABS0576,EMP182,Sabine Wagner,Operations,Vacation,2024-08-05,2024-08-09,4,Yes
ABS0577,EMP015,Laura Schröder,Sales,Vacation,2024-06-06,2024-06-22,16,Yes
ABS0578,EMP167,Lisa Schäfer,Operations,Vacation,2024-08-05,2024-08-16,11,Yes
ABS0579,EMP029,Monika Schwarz,Sales,Parental Leave,2023-01-17,2023-03-17,59,Yes
ABS0580,EMP167,Lisa Schäfer,Operations,Sick Leave,2023-07-06,2023-07-13,7,Yes
ABS0581,EMP150,Emma Zimmermann,Finance,Training,2023-11-01,2023-11-04,3,Yes
ABS0582,EMP161,Jessica Richter,Engineering,Parental Leave,2024-04-05,2024-07-11,97,Yes
ABS0583,EMP070,Anna Meier,Engineering,Sick Leave,2023-03-22,2023-04-01,10,Yes
ABS0584,EMP040,Philipp Schneider,Operations,Vacation,2023-01-19,2023-01-22,3,Yes
ABS0585,EMP005,Julia Schneider,Sales,Sick Leave,2024-05-03,2024-05-11,8,Yes
ABS0586,EMP173,Daniel Richter,Sales,Vacation,2024-09-23,2024-10-07,14,Yes
ABS0587,EMP144,Tim Weber,Engineering,Unpaid Leave,2023-03-31,2023-04-03,3,Yes
ABS0588,EMP071,Oliver Klein,Finance,Sick Leave,2023-01-17,2023-01-21,4,Yes
ABS0589,EMP080,Vanessa Meier,Operations,Vacation,2023-05-29,2023-06-08,10,Yes
ABS0590,EMP187,Claudia Richter,Engineering,Sick Leave,2023-11-05,2023-11-13,8,Yes
ABS0591,EMP152,Hannah Schäfer,Engineering,Sick Leave,2023-06-20,2023-06-23,3,Yes
ABS0592,EMP158,Lukas Zimmermann,Finance,Training,2024-04-27,2024-04-28,1,Yes
ABS0593,EMP090,Stefan Fischer,Sales,Sick Leave,2024-08-06,2024-08-13,7,Yes
ABS0594,EMP003,Jessica Richter,Sales,Sick Leave,2024-03-18,2024-03-25,7,Yes
ABS0595,EMP191,Tim Wolf,Engineering,Training,2023-02-07,2023-02-11,4,Yes
ABS0596,EMP180,Tim Neumann,Finance,Vacation,2024-09-18,2024-10-06,18,Yes
ABS0597,EMP022,Andreas Becker,Marketing,Vacation,2024-03-08,2024-03-29,21,Yes
ABS0598,EMP024,Sarah Schulz,Finance,Sick Leave,2024-10-25,2024-11-01,7,Yes
ABS0599,EMP042,Simon Schäfer,Sales,Vacation,2024-10-23,2024-11-06,14,Yes
ABS0600,EMP155,Sophie Weber,Finance,Sick Leave,2023-10-22,2023-10-26,4,Yes
